num_particles,grid,scheme,sort_interval,push_ms,sort_ms,deposit_ms,poisson_ms,gather_ms,total_ms
100000,128x128,CIC,1,0.50806625,22.8331234,0.88936291,0.12691284,0.7806217,25.1380871
100000,128x128,CIC,10,0.48279708,2.15480335,0.77521379,0.10390579,0.67479791,4.19151792
100000,128x128,CIC,100,0.47380628,0.19951958,0.76730538,0.09370836,0.65536915,2.18970875
