num_particles,grid,scheme,sort_interval,push_ms,sort_ms,deposit_ms,poisson_ms,gather_ms,total_ms
100000,128x128,CIC,1,0.44224706,19.04223374,0.7164571,0.09629711,0.92100043,21.21823544
100000,128x128,CIC,10,0.46753168,1.99592126,0.7356066,0.09234253,0.96517707,4.25657914
100000,128x128,CIC,100,0.52445636,0.20508959,0.84512003,0.10173631,1.09115612,2.76755841
