num_particles,grid,scheme,layout,sorted,backend,threads,sort_ms,deposit_ms,deposit_std_ms,deposition_ms,full_step_ms,throughput,bandwidth_gbs,charge_error,energy_drift,spectral_noise,speedup
100000,128x128,NGP,SoA,on,CPU,1,2.727875,2.101541333,0.1776990025,4.829416333,25.27025808,47584122.38,2.346407335,0,-6.588294628e-06,0.5805476382,1
100000,128x128,CIC,SoA,on,CPU,1,2.388583,0.73707,0.1314739864,3.125653,23.37988542,135672324.2,9.946235771,1.164068841e-17,-9.975960095e-06,0.3669054235,1
100000,128x128,TSC,SoA,on,CPU,1,2.367041,0.9554303333,0.1562704652,3.322471333,25.01403883,104664878.8,11.85965277,1.361133428e-18,-1.053575258e-05,0.2368459177,1
100000,128x128,Esirkepov,SoA,on,CPU,1,2.327958,4.958028333,0.2193964694,7.285986333,27.99552533,20169307.89,1.478626484,1.063593658e-17,-0.00148695848,0.4313463716,1
