num_particles,grid,scheme,layout,sorted,backend,threads,sort_ms,deposit_ms,deposition_ms,full_step_ms,throughput,bandwidth_gbs,charge_error,energy_drift,spectral_noise,speedup
100000,128x128,NGP,SoA,on,CPU,1,2.55025,2.005972333,4.556222333,30.115629,49851136.2,2.458195419,0,-6.588294628e-06,0.5805476382,1
100000,128x128,CIC,SoA,on,CPU,1,2.332,0.6205696667,2.952569667,33.90513875,161142262.3,11.81345527,1.164068841e-17,-9.975960095e-06,0.3669054235,1
100000,128x128,TSC,SoA,on,CPU,1,2.431875,0.9321666667,3.364041667,28.95879525,107276953.3,12.15562882,1.361133428e-18,-1.053575258e-05,0.2368459177,1
100000,128x128,Esirkepov,SoA,on,CPU,1,2.400125,4.261861,6.661986,28.58585342,23463928.08,1.720157462,0.001032050894,-0.002954711134,0.1960132871,1
