scheme,steps,max_charge_error,final_energy_drift
NGP,2000,0,3.689404995e-05
CIC,2000,5.400402348e-17,-1.802267236e-06
TSC,2000,4.515277041e-17,-1.871851912e-05
Esirkepov,2000,0.0002388678163,-5.709143549e-05
