scheme,damping_rate_measured,damping_rate_theory,damping_ratio,k_lambda_d
NGP,0.003009300922,0.0006601615861,4.558430822,0.4987123729
CIC,0.003012115217,0.0006601615861,4.562693862,0.4987123729
TSC,0.003012114068,0.0006601615861,4.562692122,0.4987123729
Esirkepov,0.003011995378,0.0006601615861,4.562512333,0.4987123729
