scheme,damping_rate_measured,damping_rate_theory,damping_ratio,k_lambda_d
NGP,-0.01622852197,110.6310859,-0.0001466904336,88.85765876
CIC,-0.01883256734,110.6310859,-0.0001702285319,88.85765876
TSC,-0.0198148991,110.6310859,-0.0001791078786,88.85765876
Esirkepov,-0.01663384412,110.6310859,-0.0001503541611,88.85765876
