grid,scheme,spectral_noise
64x64,NGP,0.6090021848
64x64,CIC,0.4003197697
64x64,TSC,0.2659117765
64x64,Esirkepov,0.4003197697
128x128,NGP,0.5826140746
128x128,CIC,0.3747387341
128x128,TSC,0.2435981661
128x128,Esirkepov,0.3747387341
256x256,NGP,0.5659049422
256x256,CIC,0.3631346553
256x256,TSC,0.2342248984
256x256,Esirkepov,0.3631346553
