num_particles,grid,scheme,sort_interval,push_ms,sort_ms,deposit_ms,poisson_ms,gather_ms,total_ms
10000,128x128,CIC,1,0.04494385,1.8492605,0.0774833,0.08859805,0.0673831,2.1276688
100000,128x128,CIC,1,0.4806667,19.73638965,0.75805005,0.1014125,0.66917085,21.74568975
1000000,128x128,CIC,1,4.88876245,220.4987127,7.3661604,0.11432905,6.97311275,239.8410773
