num_particles,grid,scheme,push_ms,sort_ms,deposit_ms,poisson_ms,gather_ms,total_ms
10000,128x128,CIC,0.04616045,1.9574416,0.0843,0.08549165,0.1287439,2.3021376
100000,128x128,CIC,0.49346245,21.10501885,0.79203335,0.1109854,0.9897168,23.49121685
1000000,128x128,CIC,5.30748545,227.4283354,7.43863315,0.10524785,10.0054209,250.2851227
