geometry,scheme,growth_rate_measured,growth_rate_theory,growth_rate_ratio,omega_p_macro,growth_rate_over_omega_p,passed
quasi1d,NGP,0.3951684094,0.01,39.51684094,0.01414213562,27.9426262,1
quasi1d,CIC,0.4181306752,0.01,41.81306752,0.01414213562,29.56630358,1
quasi1d,TSC,0.4242507335,0.01,42.42507335,0.01414213562,29.99905706,1
quasi1d,Esirkepov,0.3957805904,0.01,39.57805904,0.01414213562,27.98591393,1
