scheme,growth_rate_measured,growth_rate_theory,growth_rate_ratio,omega_p_macro,growth_rate_over_omega_p,passed
NGP,0.3073116807,0.01,30.73116807,0.01414213562,21.73021734,1
CIC,0.3236441385,0.01,32.36441385,0.01414213562,22.8850965,1
TSC,0.3290950936,0.01,32.90950936,0.01414213562,23.27053723,1
Esirkepov,0.308935282,0.01,30.8935282,0.01414213562,21.84502329,1
