scheme,growth_rate_measured,growth_rate_theory,growth_rate_ratio,omega_p_macro,growth_rate_over_omega_p,passed
NGP,0.005068541579,0.005,1.013708316,0.01414213562,0.3584000121,1
CIC,0.00498166653,0.005,0.996333306,0.01414213562,0.3522570185,1
TSC,0.004981698651,0.005,0.9963397301,0.01414213562,0.3522592898,1
Esirkepov,0.004871642188,0.005,0.9743284376,0.01414213562,0.3444771227,1
