geometry,scheme,growth_rate_measured,growth_rate_theory,growth_rate_ratio,omega_p_macro,growth_rate_over_omega_p,passed
quasi1d,NGP,0.0008040122131,0.001994711402,0.4030719493,0.005641895835,0.1425074543,1
quasi1d,CIC,0.0008199316425,0.001994711402,0.4110527677,0.005641895835,0.1453290997,1
quasi1d,TSC,0.0008198837859,0.001994711402,0.4110287759,0.005641895835,0.1453206174,1
quasi1d,Esirkepov,0.0008187908363,0.001994711402,0.4104808522,0.005641895835,0.1451268971,1
